{"cameraMode":{"drawMode":0,"name":"Shaded","section":"Shading Mode"},"sceneLighting":false,"audioPlay":false,"sceneViewState":{"showFog":true,"showMaterialUpdate":false,"showSkybox":true,"showFlares":true,"showImageEffects":true,"showParticleSystems":true},"in2DMode":false,"pivot":{"x":80.01689910888672,"y":4.265388488769531,"z":-87.26773071289063},"rotation":{"x":0.010497535578906536,"y":-0.7141977548599243,"z":0.01071378868073225,"w":0.6997832655906677},"size":22.0,"orthographic":false}