{"cameraMode":{"drawMode":0,"name":"Shaded","section":"Shading Mode"},"sceneLighting":false,"audioPlay":false,"sceneViewState":{"showFog":true,"showMaterialUpdate":false,"showSkybox":true,"showFlares":true,"showImageEffects":true,"showParticleSystems":true},"in2DMode":false,"pivot":{"x":126.739990234375,"y":5.719999313354492,"z":-79.41000366210938},"rotation":{"x":0.06801287084817887,"y":-0.792915940284729,"z":0.09006303548812866,"w":0.5987882018089294},"size":68.58920288085938,"orthographic":false}