{"cameraMode":{"drawMode":0,"name":"Shaded","section":"Shading Mode"},"sceneLighting":false,"audioPlay":false,"sceneViewState":{"showFog":true,"showMaterialUpdate":false,"showSkybox":true,"showFlares":true,"showImageEffects":true,"showParticleSystems":true},"in2DMode":false,"pivot":{"x":126.739990234375,"y":5.719999313354492,"z":-79.41000366210938},"rotation":{"x":-0.13636837899684907,"y":-0.015753187239170076,"z":0.002169252373278141,"w":-0.9905306100845337},"size":68.58920288085938,"orthographic":false}