{"cameraMode":{"drawMode":0,"name":"Shaded","section":"Shading Mode"},"sceneLighting":false,"audioPlay":false,"sceneViewState":{"showFog":true,"showMaterialUpdate":false,"showSkybox":true,"showFlares":true,"showImageEffects":true,"showParticleSystems":true},"in2DMode":false,"pivot":{"x":216.68179321289063,"y":-21.676544189453126,"z":116.10340118408203},"rotation":{"x":0.2129620462656021,"y":0.16614985466003419,"z":-0.03677460178732872,"w":0.9621273875236511},"size":22.0,"orthographic":false}