{"cameraMode":{"drawMode":0,"name":"Shaded","section":"Shading Mode"},"sceneLighting":true,"audioPlay":false,"sceneViewState":{"showFog":true,"showMaterialUpdate":false,"showSkybox":true,"showFlares":true,"showImageEffects":true,"showParticleSystems":true},"in2DMode":false,"pivot":{"x":405.3574523925781,"y":-535.9180908203125,"z":-518.2935180664063},"rotation":{"x":0.04485206678509712,"y":0.917300820350647,"z":-0.3806082010269165,"w":0.10809693485498429},"size":817.7572021484375,"orthographic":false}