{"cameraMode":{"drawMode":0,"name":"Shaded","section":"Shading Mode"},"sceneLighting":false,"audioPlay":false,"sceneViewState":{"showFog":true,"showMaterialUpdate":false,"showSkybox":true,"showFlares":true,"showImageEffects":true,"showParticleSystems":true},"in2DMode":false,"pivot":{"x":106.40486145019531,"y":2.279036521911621,"z":-17.17538833618164},"rotation":{"x":-0.13636837899684907,"y":-0.015753187239170076,"z":0.002169252373278141,"w":-0.9905306100845337},"size":56.57716369628906,"orthographic":false}