{"cameraMode":{"drawMode":0,"name":"Shaded","section":"Shading Mode"},"sceneLighting":true,"audioPlay":false,"sceneViewState":{"showFog":true,"showMaterialUpdate":false,"showSkybox":true,"showFlares":true,"showImageEffects":true,"showParticleSystems":true},"in2DMode":false,"pivot":{"x":154.1984100341797,"y":83.40065002441406,"z":-77.20516967773438},"rotation":{"x":0.514418363571167,"y":-0.006707350257784128,"z":0.00402160594239831,"w":0.8575036525726318},"size":817.7572021484375,"orthographic":false}