{"cameraMode":{"drawMode":0,"name":"Shaded","section":"Shading Mode"},"sceneLighting":false,"audioPlay":false,"sceneViewState":{"showFog":true,"showMaterialUpdate":false,"showSkybox":true,"showFlares":true,"showImageEffects":true,"showParticleSystems":true},"in2DMode":false,"pivot":{"x":205.57501220703126,"y":5.025001525878906,"z":18.69542694091797},"rotation":{"x":0.021855298429727556,"y":0.9728199243545532,"z":-0.20617489516735078,"w":0.10312999784946442},"size":286.7226257324219,"orthographic":false}