{"cameraMode":{"drawMode":0,"name":"Shaded","section":"Shading Mode"},"sceneLighting":true,"audioPlay":false,"sceneViewState":{"showFog":true,"showMaterialUpdate":false,"showSkybox":true,"showFlares":true,"showImageEffects":true,"showParticleSystems":true},"in2DMode":false,"pivot":{"x":89.76699829101563,"y":-413.0037536621094,"z":452.7637023925781},"rotation":{"x":-0.3453095853328705,"y":0.12421433627605438,"z":-0.046167220920324329,"w":-0.9290859699249268},"size":739.8704223632813,"orthographic":false}