{"cameraMode":{"drawMode":0,"name":"Shaded","section":"Shading Mode"},"sceneLighting":false,"audioPlay":false,"sceneViewState":{"showFog":true,"showMaterialUpdate":false,"showSkybox":true,"showFlares":true,"showImageEffects":true,"showParticleSystems":true},"in2DMode":false,"pivot":{"x":17.868820190429689,"y":19.503068923950197,"z":9.050688743591309},"rotation":{"x":-0.2399662435054779,"y":0.6795079708099365,"z":-0.25253331661224368,"w":-0.6456873416900635},"size":5.715778350830078,"orthographic":false}