{"cameraMode":{"drawMode":0,"name":"Shaded","section":"Shading Mode"},"sceneLighting":false,"audioPlay":false,"sceneViewState":{"showFog":true,"showMaterialUpdate":false,"showSkybox":true,"showFlares":true,"showImageEffects":true,"showParticleSystems":true},"in2DMode":false,"pivot":{"x":46.884159088134769,"y":-421.60308837890627,"z":1125.9185791015625},"rotation":{"x":0.24300004541873933,"y":-0.13336165249347688,"z":0.0337497778236866,"w":0.9602221846580505},"size":22.0,"orthographic":false}