{"cameraMode":{"drawMode":0,"name":"Shaded","section":"Shading Mode"},"sceneLighting":true,"audioPlay":false,"sceneViewState":{"showFog":true,"showMaterialUpdate":false,"showSkybox":true,"showFlares":true,"showImageEffects":true,"showParticleSystems":true},"in2DMode":false,"pivot":{"x":311.6000061035156,"y":20.799999237060548,"z":0.0},"rotation":{"x":0.5520873069763184,"y":0.016749301925301553,"z":-0.011113759130239487,"w":0.8335439562797546},"size":465.8870849609375,"orthographic":true}