{"cameraMode":{"drawMode":0,"name":"Shaded","section":"Shading Mode"},"sceneLighting":false,"audioPlay":false,"sceneViewState":{"showFog":true,"showMaterialUpdate":false,"showSkybox":true,"showFlares":true,"showImageEffects":true,"showParticleSystems":true},"in2DMode":false,"pivot":{"x":21.351810455322267,"y":194.04139709472657,"z":-72.87457275390625},"rotation":{"x":0.042397476732730868,"y":0.2827705442905426,"z":0.01250547170639038,"w":-0.9581685662269592},"size":22.0,"orthographic":false}