{"cameraMode":{"drawMode":0,"name":"Shaded","section":"Shading Mode"},"sceneLighting":true,"audioPlay":false,"sceneViewState":{"showFog":true,"showMaterialUpdate":false,"showSkybox":true,"showFlares":true,"showImageEffects":true,"showParticleSystems":true},"in2DMode":false,"pivot":{"x":207.80487060546876,"y":281.4342041015625,"z":-38.535804748535159},"rotation":{"x":0.5458562970161438,"y":0.13280868530273438,"z":-0.08812500536441803,"w":0.8225793242454529},"size":22.0,"orthographic":false}