{"cameraMode":{"drawMode":0,"name":"Shaded","section":"Shading Mode"},"sceneLighting":true,"audioPlay":false,"sceneViewState":{"showFog":true,"showMaterialUpdate":false,"showSkybox":true,"showFlares":true,"showImageEffects":true,"showParticleSystems":true},"in2DMode":false,"pivot":{"x":222.9949493408203,"y":-112.99395751953125,"z":-106.54742431640625},"rotation":{"x":-0.015047335997223854,"y":-0.9001894593238831,"z":0.4341195821762085,"w":-0.031188704073429109},"size":375.1871643066406,"orthographic":false}