{"cameraMode":{"drawMode":0,"name":"Shaded","section":"Shading Mode"},"sceneLighting":false,"audioPlay":false,"sceneViewState":{"showFog":true,"showMaterialUpdate":false,"showSkybox":true,"showFlares":true,"showImageEffects":true,"showParticleSystems":true},"in2DMode":false,"pivot":{"x":22.647287368774415,"y":11.486841201782227,"z":-8.79650592803955},"rotation":{"x":0.22721511125564576,"y":-0.7221879959106445,"z":0.27743273973464968,"w":0.5914803147315979},"size":22.0,"orthographic":false}