{"cameraMode":{"drawMode":0,"name":"Shaded","section":"Shading Mode"},"sceneLighting":true,"audioPlay":false,"sceneViewState":{"showFog":true,"showMaterialUpdate":false,"showSkybox":true,"showFlares":true,"showImageEffects":true,"showParticleSystems":true},"in2DMode":false,"pivot":{"x":122.07500457763672,"y":5.050000190734863,"z":20.76999855041504},"rotation":{"x":0.6099227070808411,"y":0.07424470782279968,"z":-0.05754345655441284,"w":0.7868741154670715},"size":107.34365844726563,"orthographic":false}