{"cameraMode":{"drawMode":0,"name":"Shaded","section":"Shading Mode"},"sceneLighting":false,"audioPlay":false,"sceneViewState":{"showFog":true,"showMaterialUpdate":false,"showSkybox":true,"showFlares":true,"showImageEffects":true,"showParticleSystems":true},"in2DMode":false,"pivot":{"x":24.477615356445314,"y":-41.575164794921878,"z":-39.8670768737793},"rotation":{"x":0.5662955045700073,"y":-0.018245745450258256,"z":0.012545237317681313,"w":0.8239047527313232},"size":13.999739646911621,"orthographic":false}