{"cameraMode":{"drawMode":0,"name":"Shaded","section":"Shading Mode"},"sceneLighting":false,"audioPlay":false,"sceneViewState":{"showFog":true,"showMaterialUpdate":false,"showSkybox":true,"showFlares":true,"showImageEffects":true,"showParticleSystems":true},"in2DMode":false,"pivot":{"x":22.059642791748048,"y":-42.07413101196289,"z":-38.00861358642578},"rotation":{"x":0.33191925287246706,"y":-0.29789629578590395,"z":0.11134183406829834,"w":0.8880824446678162},"size":13.999739646911621,"orthographic":false}