{"cameraMode":{"drawMode":0,"name":"Shaded","section":"Shading Mode"},"sceneLighting":false,"audioPlay":false,"sceneViewState":{"showFog":true,"showMaterialUpdate":false,"showSkybox":true,"showFlares":true,"showImageEffects":true,"showParticleSystems":true},"in2DMode":false,"pivot":{"x":103.32841491699219,"y":-0.13363265991210938,"z":-20.242855072021486},"rotation":{"x":-0.3195350468158722,"y":-0.6247693300247192,"z":0.31159698963165285,"w":-0.6406777501106262},"size":56.01639938354492,"orthographic":false}