{"cameraMode":{"drawMode":0,"name":"Shaded","section":"Shading Mode"},"sceneLighting":true,"audioPlay":false,"sceneViewState":{"showFog":true,"showMaterialUpdate":false,"showSkybox":true,"showFlares":true,"showImageEffects":true,"showParticleSystems":true},"in2DMode":false,"pivot":{"x":292.211669921875,"y":29.39415740966797,"z":-51.01649475097656},"rotation":{"x":-0.13281486928462983,"y":-0.752447783946991,"z":0.15989622473716737,"w":-0.6249926090240479},"size":183.79019165039063,"orthographic":false}