{"cameraMode":{"drawMode":0,"name":"Shaded","section":"Shading Mode"},"sceneLighting":false,"audioPlay":false,"sceneViewState":{"showFog":true,"showMaterialUpdate":false,"showSkybox":true,"showFlares":true,"showImageEffects":true,"showParticleSystems":true},"in2DMode":false,"pivot":{"x":444.022705078125,"y":-224.0721435546875,"z":18.839641571044923},"rotation":{"x":0.6099227070808411,"y":0.07424470782279968,"z":-0.05754345655441284,"w":0.7868741154670715},"size":22.0,"orthographic":false}