{"cameraMode":{"drawMode":0,"name":"Shaded","section":"Shading Mode"},"sceneLighting":false,"audioPlay":false,"sceneViewState":{"showFog":true,"showMaterialUpdate":false,"showSkybox":true,"showFlares":true,"showImageEffects":true,"showParticleSystems":true},"in2DMode":false,"pivot":{"x":-28.4151611328125,"y":37.841819763183597,"z":4.537172317504883},"rotation":{"x":-0.1959802359342575,"y":-0.8037875294685364,"z":0.3861505389213562,"w":-0.407927930355072},"size":71.9882583618164,"orthographic":false}