{"cameraMode":{"drawMode":0,"name":"Shaded","section":"Shading Mode"},"sceneLighting":true,"audioPlay":false,"sceneViewState":{"showFog":true,"showMaterialUpdate":false,"showSkybox":true,"showFlares":true,"showImageEffects":true,"showParticleSystems":true},"in2DMode":false,"pivot":{"x":88.30714416503906,"y":-46.91094970703125,"z":65.17570495605469},"rotation":{"x":-0.44957172870635989,"y":-0.05902737379074097,"z":0.029787475243210794,"w":-0.8907939791679382},"size":371.6917724609375,"orthographic":false}