{"cameraMode":{"drawMode":0,"name":"Shaded","section":"Shading Mode"},"sceneLighting":false,"audioPlay":false,"sceneViewState":{"showFog":true,"showMaterialUpdate":false,"showSkybox":true,"showFlares":true,"showImageEffects":true,"showParticleSystems":true},"in2DMode":false,"pivot":{"x":126.739990234375,"y":5.719999313354492,"z":-79.41000366210938},"rotation":{"x":-0.00020515930373221636,"y":-0.7488351464271545,"z":0.00023187240003608167,"w":-0.6627562046051025},"size":68.58920288085938,"orthographic":false}