{"cameraMode":{"drawMode":0,"name":"Shaded","section":"Shading Mode"},"sceneLighting":true,"audioPlay":false,"sceneViewState":{"showFog":true,"showMaterialUpdate":false,"showSkybox":true,"showFlares":true,"showImageEffects":true,"showParticleSystems":true},"in2DMode":false,"pivot":{"x":87.97962951660156,"y":10.201789855957032,"z":-77.46138000488281},"rotation":{"x":-0.024111635982990266,"y":0.5830618739128113,"z":0.017315128818154336,"w":0.8118852376937866},"size":22.0,"orthographic":false}