{"cameraMode":{"drawMode":0,"name":"Shaded","section":"Shading Mode"},"sceneLighting":false,"audioPlay":false,"sceneViewState":{"showFog":true,"showMaterialUpdate":false,"showSkybox":true,"showFlares":true,"showImageEffects":true,"showParticleSystems":true},"in2DMode":false,"pivot":{"x":106.40486145019531,"y":2.279036521911621,"z":-17.17538833618164},"rotation":{"x":0.0575723834335804,"y":-0.014965924434363842,"z":0.0008625418995507062,"w":0.9982287883758545},"size":56.57716369628906,"orthographic":false}