{"cameraMode":{"drawMode":0,"name":"Shaded","section":"Shading Mode"},"sceneLighting":false,"audioPlay":false,"sceneViewState":{"showFog":true,"showMaterialUpdate":false,"showSkybox":true,"showFlares":true,"showImageEffects":true,"showParticleSystems":true},"in2DMode":false,"pivot":{"x":24.477615356445314,"y":-41.575164794921878,"z":-39.8670768737793},"rotation":{"x":-0.12383763492107392,"y":-0.4541111886501312,"z":0.06390609592199326,"w":-0.879979133605957},"size":13.999739646911621,"orthographic":false}